Latest model	Description	Max tokens	Training data
gpt-4	More capable than any GPT-3.5 model, able to do more complex tasks, and optimized for chat. Will be updated with our latest model iteration 2 weeks after it is released.	8,192 tokens	Up to Sep 2021
gpt-4-0613	Snapshot of gpt-4 from June 13th 2023 with function calling data. Unlike gpt-4, this model will not receive updates, and will be deprecated 3 months after a new version is released.	8,192 tokens	Up to Sep 2021
gpt-4-32k	Same capabilities as the standard gpt-4 mode but with 4x the context length. Will be updated with our latest model iteration.	32,768 tokens	Up to Sep 2021
gpt-4-32k-0613	Snapshot of gpt-4-32 from June 13th 2023. Unlike gpt-4-32k, this model will not receive updates, and will be deprecated 3 months after a new version is released.	32,768 tokens	Up to Sep 2021
gpt-3.5-turbo-16k-0613	Snapshot of gpt-3.5-turbo-16k from June 13th 2023. Unlike gpt-3.5-turbo-16k, this model will not receive updates, and will be deprecated 3 months after a new version is released.	16,385 tokens	Up to Sep 2021
gpt-3.5-turbo	Most capable GPT-3.5 model and optimized for chat at 1/10th the cost of text-davinci-003. Will be updated with our latest model iteration 2 weeks after it is released.	4,097 tokens	Up to Sep 2021
gpt-3.5-turbo-16k	Same capabilities as the standard gpt-3.5-turbo model but with 4 times the context.	16,385 tokens	Up to Sep 2021
gpt-3.5-turbo-instruct	Similar capabilities as text-davinci-003 but compatible with legacy Completions endpoint and not Chat Completions.	4,097 tokens	Up to Sep 2021
gpt-3.5-turbo-0613	Snapshot of gpt-3.5-turbo from June 13th 2023 with function calling data. Unlike gpt-3.5-turbo, this model will not receive updates, and will be deprecated 3 months after a new version is released.	4,097 tokens	Up to Sep 2021
gpt-3.5-turbo-16k-0613	Snapshot of gpt-3.5-turbo-16k from June 13th 2023. Unlike gpt-3.5-turbo-16k, this model will not receive updates, and will be deprecated 3 months after a new version is released.	16,385 tokens	Up to Sep 2021